{
  "version": "5.0.0-longform",
  "features": [
    "perplexity",
    "burstiness",
    "entropy_cv",
    "diveye_skew",
    "diveye_excess_kurt",
    "diveye_spectral_flatness",
    "diveye_autocorr_lag1",
    "gltr_top10_frac",
    "gltr_top100_frac",
    "sent_len_cv",
    "sent_len_short_frac",
    "sent_len_long_frac",
    "sent_len_equal_mid_frac",
    "punct_comma_density",
    "punct_density",
    "trans_density",
    "curv_mean",
    "bino_lp_diff",
    "uni_tri_ratio",
    "wiki_vs_human",
    "wiki_vs_primary",
    "news_vs_human",
    "para_sent_len_cv_avg",
    "paragraph_length_cv",
    "cross_para_3gram_repeat"
  ],
  "mean": [
    692.7068561724004,
    0.2390938935162339,
    0.08162631457428467,
    1.7079009710551254,
    1.6609543815338441,
    0.5660742770700995,
    -0.03551595602080043,
    0.17426162872465714,
    0.03738120909078304,
    0.5386000147397149,
    0.09582436265538145,
    0.4303151476377929,
    0.25645589829520893,
    4.981787264953522,
    10.397304816126022,
    4.163213742916705,
    0.5350657940608982,
    -1.0187827273857089,
    2.4607517719811045,
    -1.3121629422368177,
    0.29338021485111326,
    0.24631034518008146,
    0.2608662764075215,
    0.34121418057357955,
    0.036909359176897444
  ],
  "scale": [
    169.92950112328788,
    0.05464312156539649,
    0.06034738111468034,
    0.5068398274787064,
    1.8358438504501866,
    0.038463215593854044,
    0.07343106580563397,
    0.06595994708633775,
    0.012469087541091302,
    0.1394711600892614,
    0.08963160541357117,
    0.20337365291491666,
    0.11650018829655022,
    1.357071229420206,
    2.0501419411418285,
    3.329232544154156,
    0.519706098266904,
    0.5492274135424533,
    0.5502579760578028,
    0.432109971307348,
    0.6700336081465438,
    0.3605443732961347,
    0.1813059330320434,
    0.2667637035472482,
    0.04328717716876339
  ],
  "coef": [
    -0.47373713130045025,
    0.46216029509951023,
    0.1567650646286949,
    -0.1336551441297294,
    0.027457632405857982,
    -0.052759401046960176,
    0.3421881979234512,
    0.5073285625467439,
    -1.3114438479775,
    -1.6181445524206113,
    -0.17375788671102804,
    0.2078184650945221,
    0.3377310571894042,
    -0.3338579065554001,
    0.7340832010148127,
    0.41247160698763585,
    0.34350423998734353,
    -0.6078945036729408,
    0.677856044124624,
    0.0063993044640307094,
    -0.5024188714331854,
    -0.034922777942032246,
    1.7301278574318737,
    -0.7834722174990829,
    3.33148198650991
  ],
  "intercept": 0.6858163706734166,
  "trained_on": "AI long-form (n=170) + Human novel/news (n=170)",
  "n_train": 272,
  "n_holdout": 68,
  "holdout_accuracy": 0.9117647058823529,
  "backend": "sklearn"
}