{
  "version": "4.1.0-multisource",
  "features": [
    "perplexity",
    "burstiness",
    "entropy_cv",
    "diveye_skew",
    "diveye_excess_kurt",
    "diveye_spectral_flatness",
    "diveye_autocorr_lag1",
    "gltr_top10_frac",
    "gltr_top100_frac",
    "sent_len_cv",
    "sent_len_short_frac",
    "sent_len_long_frac",
    "sent_len_equal_mid_frac",
    "punct_comma_density",
    "punct_density",
    "trans_density",
    "curv_mean",
    "bino_lp_diff",
    "uni_tri_ratio",
    "wiki_vs_human",
    "wiki_vs_primary",
    "news_vs_human"
  ],
  "mean": [
    646.4398646433328,
    0.19905258608164716,
    0.02874539645244221,
    1.5853017493693697,
    1.2514966860030314,
    0.5583996808869365,
    -0.08038614128317301,
    0.19238122382898734,
    0.03569569405850082,
    0.4350806843099565,
    0.05713761848445822,
    0.46812642849586444,
    0.23045699084943283,
    4.354244021763481,
    9.356012565958041,
    6.820087651393399,
    0.6901735181029027,
    -2.3393751848416495,
    2.388506591630013,
    -1.9132203361518672,
    -0.42615484868978093,
    -0.7582061310865178
  ],
  "scale": [
    166.85540631471355,
    0.08214572143037213,
    0.0516088129658937,
    0.5509651072754967,
    2.3582532867247585,
    0.04918418515989172,
    0.10338896281656525,
    0.06564351748754534,
    0.01758273125571268,
    0.21925405727309272,
    0.09888277893469216,
    0.25913524296125906,
    0.17577480777888166,
    1.6344063689639072,
    2.629010887863689,
    7.925583601468339,
    0.5097454703989767,
    1.3069924933982202,
    0.9266886096326189,
    1.21278503628247,
    0.8743903544997672,
    1.261686562662185
  ],
  "coef": [
    -0.6691683806777494,
    -0.12608628281540632,
    0.4573375868407727,
    -0.25805308288999,
    -0.34292664816023066,
    -0.10808302757154963,
    0.32694143289948896,
    -0.49539425947227095,
    -0.44186666124220375,
    -1.7520272137345432,
    0.3741912367770115,
    0.4546716395580398,
    0.8157315145423847,
    -0.411552283316622,
    0.3525089933157361,
    0.4238754614846977,
    0.11128294070524948,
    -0.04389426520781755,
    0.7002600025605594,
    0.818625422477529,
    -1.2010495454649288,
    1.4874149001268346
  ],
  "intercept": -0.3621768860987554,
  "trained_on": "HC3 (n=400) + CUDRT Rewrite (n=100)",
  "n_train": 1022,
  "n_holdout": 256,
  "holdout_accuracy": 0.8515625,
  "backend": "sklearn"
}